lastUpdated,title,url
" This page was last edited on 9 March 2024, at 05:57",,https://en.wikipedia.org/wiki/Kevin_Bacon
" This page was last edited on 13 April 2024, at 16:26",,https://en.wikipedia.org/wiki/Michael_Bacon_(musician)
" This page was last edited on 12 June 2022, at 14:34",,https://en.wikipedia.org/wiki/Kevin_Bacon_(disambiguation)
" This page was last edited on 10 November 2023, at 20:01",,https://en.wikipedia.org/wiki/Leading_man
" This page was last edited on 7 March 2024, at 23:59",,https://en.wikipedia.org/wiki/Main_Page
" This page was last edited on 18 April 2024, at 05:45",,https://en.wikipedia.org/wiki/Character_actor
" This page was last edited on 25 March 2024, at 08:53",,https://en.wikipedia.org/wiki/Edmund_Bacon_(architect)
" This page was last edited on 7 April 2024, at 00:45",,https://en.wikipedia.org/wiki/Sosie_Bacon
" This page was last edited on 16 April 2024, at 10:22",,https://en.wikipedia.org/wiki/Kevin_Bacon_filmography
" This page was last edited on 2 March 2024, at 17:43",,https://en.wikipedia.org/wiki/Kyra_Sedgwick
" This page was last edited on 27 March 2024, at 20:48", (1984 film),https://en.wikipedia.org/wiki/Footloose_(1984_film)
" This page was last edited on 6 April 2024, at 21:02",,https://en.wikipedia.org/wiki/Golden_Globe_Award
" This page was last edited on 16 April 2024, at 00:20",The Hollywood Reporter,https://en.wikipedia.org/wiki/The_Hollywood_Reporter
" This page was last edited on 18 April 2024, at 12:13",,https://en.wikipedia.org/wiki/Philadelphia
" This page was last edited on 30 March 2024, at 17:33",,https://en.wikipedia.org/wiki/Primetime_Emmy_Award
" This page was last edited on 20 April 2024, at 05:54",Animal House,https://en.wikipedia.org/wiki/National_Lampoon%27s_Animal_House
" This page was last edited on 22 April 2024, at 21:16",,https://en.wikipedia.org/wiki/Oliver_Stone
" This page was last edited on 17 April 2024, at 12:07",,https://en.wikipedia.org/wiki/Sam_Elliott
" This page was last edited on 5 April 2024, at 19:32",,https://en.wikipedia.org/wiki/Alexander_Skarsg%C3%A5rd
" This page was last edited on 19 April 2024, at 04:14",,https://en.wikipedia.org/wiki/Sam_Rockwell
" This page was last edited on 28 March 2024, at 04:59",,https://en.wikipedia.org/wiki/Screen_Actors_Guild_Award
lastUpdated,title,url
" This page was last edited on 9 March 2024, at 05:57",,https://en.wikipedia.org/wiki/Kevin_Bacon
" This page was last edited on 13 April 2024, at 16:26",,https://en.wikipedia.org/wiki/Michael_Bacon_(musician)
" This page was last edited on 12 June 2022, at 14:34",,https://en.wikipedia.org/wiki/Kevin_Bacon_(disambiguation)
" This page was last edited on 10 November 2023, at 20:01",,https://en.wikipedia.org/wiki/Leading_man
" This page was last edited on 7 March 2024, at 23:59",,https://en.wikipedia.org/wiki/Main_Page
" This page was last edited on 16 April 2024, at 10:22",,https://en.wikipedia.org/wiki/Kevin_Bacon_filmography
" This page was last edited on 25 March 2024, at 08:53",,https://en.wikipedia.org/wiki/Edmund_Bacon_(architect)
" This page was last edited on 7 April 2024, at 00:45",,https://en.wikipedia.org/wiki/Sosie_Bacon
" This page was last edited on 18 April 2024, at 05:45",,https://en.wikipedia.org/wiki/Character_actor
" This page was last edited on 2 March 2024, at 17:43",,https://en.wikipedia.org/wiki/Kyra_Sedgwick
" This page was last edited on 28 March 2024, at 04:59",,https://en.wikipedia.org/wiki/Screen_Actors_Guild_Award
" This page was last edited on 6 April 2024, at 21:02",,https://en.wikipedia.org/wiki/Golden_Globe_Award
" This page was last edited on 18 April 2024, at 12:13",,https://en.wikipedia.org/wiki/Philadelphia
" This page was last edited on 30 March 2024, at 17:33",,https://en.wikipedia.org/wiki/Primetime_Emmy_Award
" This page was last edited on 8 June 2023, at 04:01",Forty Deuce,https://en.wikipedia.org/wiki/Forty_Deuce
" This page was last edited on 27 March 2024, at 20:48", (1984 film),https://en.wikipedia.org/wiki/Footloose_(1984_film)
" This page was last edited on 20 April 2024, at 05:54",Animal House,https://en.wikipedia.org/wiki/National_Lampoon%27s_Animal_House
" This page was last edited on 15 April 2024, at 01:38",,https://en.wikipedia.org/wiki/Russell_Crowe
" This page was last edited on 8 April 2024, at 12:31",,https://en.wikipedia.org/wiki/Atheism
" This page was last edited on 15 April 2024, at 21:06",,https://en.wikipedia.org/wiki/CNN
" This page was last edited on 13 April 2024, at 22:16",,https://en.wikipedia.org/wiki/Jamie_Foxx
" This page was last edited on 17 April 2024, at 20:58",,https://en.wikipedia.org/wiki/Ian_McKellen
" This page was last edited on 15 April 2024, at 20:12",,https://en.wikipedia.org/wiki/Daniel_Day-Lewis
" This page was last edited on 22 April 2024, at 15:06",,https://en.wikipedia.org/wiki/AllMovie
" This page was last edited on 23 April 2024, at 14:13",,https://en.wikipedia.org/wiki/Philip_Seymour_Hoffman
" This page was last edited on 13 April 2024, at 21:04",,https://en.wikipedia.org/wiki/Geoffrey_Rush
" This page was last edited on 21 April 2024, at 03:40",,https://en.wikipedia.org/wiki/Jack_Nicholson
" This page was last edited on 21 March 2024, at 21:59",,https://en.wikipedia.org/wiki/Forest_Whitaker
" This page was last edited on 1 April 2024, at 15:31",,https://en.wikipedia.org/wiki/Internet_Off-Broadway_Database
" This page was last edited on 13 April 2024, at 12:14",,https://en.wikipedia.org/wiki/Internet_Broadway_Database
" This page was last edited on 21 April 2024, at 18:00",,https://en.wikipedia.org/wiki/Jeff_Bridges
" This page was last edited on 20 April 2024, at 18:28",,https://en.wikipedia.org/wiki/George_Clooney
" This page was last edited on 6 March 2024, at 09:30",,https://en.wikipedia.org/wiki/Animal_Planet_(European_TV_channel)
" This page was last edited on 12 April 2024, at 05:00",,https://en.wikipedia.org/wiki/1980_United_States_presidential_election_in_Pennsylvania
" This page was last edited on 19 April 2024, at 01:55",,https://en.wikipedia.org/wiki/Richard_Linklater
" This page was last edited on 13 April 2024, at 14:19",,https://en.wikipedia.org/wiki/Charlotte_Rampling
" This page was last edited on 9 April 2024, at 08:05",,https://en.wikipedia.org/wiki/Amsterdam
" This page was last edited on 20 April 2024, at 17:42",,https://en.wikipedia.org/wiki/Milena_Canonero
" This page was last edited on 22 April 2024, at 01:01",,https://en.wikipedia.org/wiki/1988_United_States_presidential_election_in_Pennsylvania
" This page was last edited on 12 April 2024, at 13:12",,https://en.wikipedia.org/wiki/Warner_Bros._Discovery_EMEA
" This page was last edited on 20 April 2024, at 04:19",,https://en.wikipedia.org/wiki/Michael_Ballhaus
" This page was last edited on 22 April 2024, at 05:41",,https://en.wikipedia.org/wiki/Gottfried_Wilhelm_Leibniz
" This page was last edited on 27 December 2023, at 02:59",,https://en.wikipedia.org/wiki/Thomas_Chubb
" This page was last edited on 30 January 2024, at 01:53",,https://en.wikipedia.org/wiki/William_Wollaston
" This page was last edited on 21 April 2024, at 06:00",,https://en.wikipedia.org/wiki/Bruce_Springsteen
" This page was last edited on 27 March 2024, at 13:42",,https://en.wikipedia.org/wiki/Griff_Rhys_Jones
" This page was last edited on 1 April 2024, at 23:16",,https://en.wikipedia.org/wiki/1984_United_States_presidential_election_in_Pennsylvania
" This page was last edited on 12 April 2024, at 09:32",,https://en.wikipedia.org/wiki/Nicolas_Malebranche
" This page was last edited on 24 March 2023, at 04:54",,https://en.wikipedia.org/wiki/Breeze_TV
" This page was last edited on 13 April 2024, at 17:29",,https://en.wikipedia.org/wiki/1984_United_States_presidential_election_in_Michigan
" This page was last edited on 2 March 2024, at 19:37",,https://en.wikipedia.org/wiki/1984_United_States_presidential_election_in_Massachusetts
" This page was last edited on 19 March 2024, at 11:47",,https://en.wikipedia.org/wiki/Counter-Reformation
" This page was last edited on 8 April 2024, at 01:41",,https://en.wikipedia.org/wiki/1980_Democratic_Party_presidential_primaries
" This page was last edited on 15 April 2024, at 14:22",,https://en.wikipedia.org/wiki/Girolamo_Savonarola
" This page was last edited on 8 April 2024, at 01:42",,https://en.wikipedia.org/wiki/1980_Republican_Party_presidential_primaries
" This page was last edited on 8 April 2024, at 15:32",,https://en.wikipedia.org/wiki/Beltway
" This page was last edited on 10 April 2024, at 11:52",,https://en.wikipedia.org/wiki/1988_United_States_presidential_election_in_Wisconsin
" This page was last edited on 9 September 2023, at 21:21",,https://en.wikipedia.org/wiki/1980_United_States_elections
" This page was last edited on 31 March 2024, at 09:16",,https://en.wikipedia.org/wiki/Marsilio_Ficino
" This page was last edited on 13 April 2024, at 20:16",,https://en.wikipedia.org/wiki/1984_United_States_presidential_election_in_Maine
" This page was last edited on 27 March 2024, at 02:17",,https://en.wikipedia.org/wiki/1988_United_States_presidential_election_in_Wyoming
" This page was last edited on 31 March 2024, at 16:40",,https://en.wikipedia.org/wiki/1984_United_States_presidential_election_in_Maryland
" This page was last edited on 25 August 2023, at 03:46",,https://en.wikipedia.org/wiki/A10_motorway_(Netherlands)
" This page was last edited on 28 March 2024, at 22:18",,https://en.wikipedia.org/wiki/1988_United_States_presidential_election_in_West_Virginia
" This page was last edited on 20 March 2023, at 05:17",,https://en.wikipedia.org/wiki/A8_motorway_(Netherlands)
" This page was last edited on 6 February 2024, at 02:41",,https://en.wikipedia.org/wiki/Road_debris
" This page was last edited on 18 April 2024, at 08:34",,https://en.wikipedia.org/wiki/Pothole
" This page was last edited on 26 March 2024, at 18:37",,https://en.wikipedia.org/wiki/Massachusetts%27s_5th_congressional_district
" This page was last edited on 4 January 2024, at 16:26",,https://en.wikipedia.org/wiki/James_Shannon_(Massachusetts_politician)
" This page was last edited on 4 March 2024, at 16:07",,https://en.wikipedia.org/wiki/Thinking_Out_Loud
" This page was last edited on 20 April 2024, at 01:33",,https://en.wikipedia.org/wiki/Tourist_(musician)
" This page was last edited on 15 April 2024, at 06:58",,https://en.wikipedia.org/wiki/2016_Summer_Olympics
" This page was last edited on 21 April 2024, at 22:04",Memento mori,https://en.wikipedia.org/wiki/Memento_mori
" This page was last edited on 17 April 2024, at 04:24",,https://en.wikipedia.org/wiki/Rodney_Jerkins
" This page was last edited on 18 April 2024, at 01:08",,https://en.wikipedia.org/wiki/Oil_spill
" This page was last edited on 20 April 2024, at 23:17",,https://en.wikipedia.org/wiki/2012_Summer_Olympics
" This page was last edited on 3 January 2024, at 05:05",,https://en.wikipedia.org/wiki/Oversize_load
" This page was last edited on 9 March 2024, at 09:02",,https://en.wikipedia.org/wiki/Ziller_Valley
" This page was last edited on 16 April 2024, at 04:38",,https://en.wikipedia.org/wiki/Barney_Frank
" This page was last edited on 26 February 2024, at 16:37",,https://en.wikipedia.org/wiki/Cat%27s_eye_(road)
" This page was last edited on 11 April 2024, at 19:38",,https://en.wikipedia.org/wiki/Massachusetts%27s_4th_congressional_district
" This page was last edited on 6 November 2023, at 22:35",,https://en.wikipedia.org/wiki/Infused_righteousness
" This page was last edited on 27 March 2024, at 18:49",,https://en.wikipedia.org/wiki/Cable_barrier
" This page was last edited on 20 February 2024, at 17:16",,https://en.wikipedia.org/wiki/Darwin_Awards
" This page was last edited on 15 April 2024, at 02:52",,https://en.wikipedia.org/wiki/Dark_tourism
" This page was last edited on 7 April 2024, at 15:51",,https://en.wikipedia.org/wiki/Christianization_of_Scandinavia
" This page was last edited on 16 January 2023, at 21:13",,https://en.wikipedia.org/wiki/James_Parker_(Massachusetts_politician)
" This page was last edited on 17 November 2023, at 16:27",,https://en.wikipedia.org/wiki/Gothic_Christianity
" This page was last edited on 4 February 2023, at 23:24",,https://en.wikipedia.org/wiki/Jordan_at_the_2012_Summer_Olympics
" This page was last edited on 6 March 2024, at 00:24",,https://en.wikipedia.org/wiki/Weekly_Democratic_Address
" This page was last edited on 7 January 2021, at 19:29",,https://en.wikipedia.org/wiki/Uganda_at_the_2016_Summer_Olympics
" This page was last edited on 18 September 2023, at 02:16",,https://en.wikipedia.org/wiki/Ukraine_at_the_2016_Summer_Olympics
" This page was last edited on 5 April 2024, at 03:52",,https://en.wikipedia.org/wiki/James_G._Blaine
" This page was last edited on 13 April 2024, at 15:26",,https://en.wikipedia.org/wiki/Chester_A._Arthur
" This page was last edited on 22 February 2023, at 17:31",,https://en.wikipedia.org/wiki/Kazakhstan_at_the_2012_Summer_Olympics
" This page was last edited on 11 January 2024, at 05:32",,https://en.wikipedia.org/wiki/James_S._Clarkson
" This page was last edited on 22 February 2022, at 20:23",,https://en.wikipedia.org/wiki/East_Timor_at_the_2012_Summer_Olympics
" This page was last edited on 1 December 2023, at 19:01",,https://en.wikipedia.org/wiki/Victor_Rosewater
" This page was last edited on 22 August 2023, at 10:23",,https://en.wikipedia.org/wiki/Thomas_Rice_(1768)
" This page was last edited on 18 December 2023, at 11:17",,https://en.wikipedia.org/wiki/Tuvalu_at_the_2016_Summer_Olympics
" This page was last edited on 18 December 2023, at 16:58",,https://en.wikipedia.org/wiki/Coins_for_the_dead
" This page was last edited on 16 April 2024, at 04:58",,https://en.wikipedia.org/wiki/Dennis_Hastert
" This page was last edited on 16 March 2024, at 22:50",,https://en.wikipedia.org/wiki/Japan_at_the_2012_Summer_Olympics
" This page was last edited on 31 March 2024, at 00:40",,https://en.wikipedia.org/wiki/Monument_to_the_Great_Fire_of_London
" This page was last edited on 13 April 2024, at 14:05",,https://en.wikipedia.org/wiki/Big_Ben
" This page was last edited on 13 March 2024, at 01:33",,https://en.wikipedia.org/wiki/2000_United_States_House_of_Representatives_elections
" This page was last edited on 11 April 2024, at 06:13",,https://en.wikipedia.org/wiki/Westminster_Abbey
" This page was last edited on 1 December 2023, at 22:26",,https://en.wikipedia.org/wiki/Scheduled_monuments_in_Greater_London
" This page was last edited on 18 April 2024, at 16:36",,https://en.wikipedia.org/wiki/Alina_Dumitru
" This page was last edited on 16 March 2024, at 22:24",,https://en.wikipedia.org/wiki/Misato_Nakamura
" This page was last edited on 21 April 2024, at 12:25",,https://en.wikipedia.org/wiki/1994_United_States_House_of_Representatives_elections
" This page was last edited on 6 December 2023, at 07:55",,https://en.wikipedia.org/wiki/Fortifications_of_London
" This page was last edited on 21 March 2024, at 09:04",,https://en.wikipedia.org/wiki/Kelly_Edwards
" This page was last edited on 13 March 2024, at 14:10",,https://en.wikipedia.org/wiki/Palace_of_Whitehall
" This page was last edited on 24 January 2024, at 22:52",,https://en.wikipedia.org/wiki/Paula_Pareto
" This page was last edited on 8 March 2024, at 18:50",,https://en.wikipedia.org/wiki/Westminster_Hall
" This page was last edited on 21 April 2024, at 08:42",,https://en.wikipedia.org/wiki/London_Bridge
" This page was last edited on 26 February 2024, at 22:38",,https://en.wikipedia.org/wiki/United_World_Wrestling
" This page was last edited on 3 September 2022, at 06:15",,https://en.wikipedia.org/wiki/Japan_at_the_1988_Winter_Olympics
" This page was last edited on 22 April 2024, at 12:40",,https://en.wikipedia.org/wiki/Millard_Fillmore
" This page was last edited on 7 February 2024, at 04:38",,https://en.wikipedia.org/wiki/John_F._Marszalek
" This page was last edited on 28 August 2023, at 09:25",,https://en.wikipedia.org/wiki/Oiana_Blanco
" This page was last edited on 8 January 2024, at 02:15",,https://en.wikipedia.org/wiki/Brian_Haw
" This page was last edited on 26 March 2024, at 17:13",,https://en.wikipedia.org/wiki/2010_United_Kingdom_student_protests
" This page was last edited on 14 March 2024, at 14:11",,https://en.wikipedia.org/wiki/Todd_Tiahrt
" This page was last edited on 10 April 2024, at 18:51",,https://en.wikipedia.org/wiki/List_of_public_art_in_the_London_Borough_of_Islington
" This page was last edited on 23 April 2024, at 01:20",,https://en.wikipedia.org/wiki/George_VI
" This page was last edited on 15 April 2024, at 03:28",,https://en.wikipedia.org/wiki/Phill_Kline
" This page was last edited on 30 December 2023, at 05:11",,"https://en.wikipedia.org/wiki/Henry_Lascelles,_6th_Earl_of_Harewood"
" This page was last edited on 10 April 2024, at 18:50",,https://en.wikipedia.org/wiki/List_of_public_art_in_the_London_Borough_of_Hillingdon
" This page was last edited on 10 April 2024, at 18:50",,https://en.wikipedia.org/wiki/List_of_public_art_in_the_London_Borough_of_Havering
" This page was last edited on 29 March 2023, at 17:48",,https://en.wikipedia.org/wiki/Parliament_Square_Peace_Campaign
" This page was last edited on 10 April 2024, at 18:50",,https://en.wikipedia.org/wiki/List_of_public_art_in_the_London_Borough_of_Harrow
" This page was last edited on 29 February 2024, at 12:00",,"https://en.wikipedia.org/wiki/Wedding_of_Prince_Albert,_Duke_of_York,_and_Lady_Elizabeth_Bowes-Lyon"
" This page was last edited on 4 April 2024, at 00:54",,"https://en.wikipedia.org/wiki/Wedding_of_Prince_George,_Duke_of_Kent,_and_Princess_Marina_of_Greece_and_Denmark"
" This page was last edited on 11 March 2024, at 09:09",,https://en.wikipedia.org/wiki/Dennis_Moore_(politician)
" This page was last edited on 16 April 2024, at 12:47",,https://en.wikipedia.org/wiki/Black_Friday_(1910)
" This page was last edited on 10 April 2024, at 19:39",,https://en.wikipedia.org/wiki/List_of_public_art_in_the_London_Borough_of_Hounslow
" This page was last edited on 5 September 2023, at 00:10",,https://en.wikipedia.org/wiki/Holloway_brooch
" This page was last edited on 17 April 2024, at 00:46",,https://en.wikipedia.org/wiki/1994_Tennessee_gubernatorial_election
" This page was last edited on 13 March 2024, at 01:33",,https://en.wikipedia.org/wiki/2000_United_States_House_of_Representatives_elections_in_Connecticut
" This page was last edited on 20 January 2024, at 21:22",,https://en.wikipedia.org/wiki/WSPU_Holloway_Prisoners_Banner
" This page was last edited on 14 March 2024, at 07:47",,https://en.wikipedia.org/wiki/Don_Sundquist
" This page was last edited on 28 November 2020, at 23:48",,https://en.wikipedia.org/wiki/Andwell_Priory
" This page was last edited on 7 June 2023, at 20:10",,https://en.wikipedia.org/wiki/Leeds_dripping_riot
" This page was last edited on 18 September 2023, at 05:27",,https://en.wikipedia.org/wiki/1842_Pottery_Riots
" This page was last edited on 6 January 2021, at 10:21",,https://en.wikipedia.org/wiki/Andover_Priory
" This page was last edited on 13 March 2024, at 01:33",,https://en.wikipedia.org/wiki/2000_United_States_House_of_Representatives_election_in_Delaware
" This page was last edited on 8 November 2023, at 18:20",Holloway Jingles,https://en.wikipedia.org/wiki/Holloway_Jingles
" This page was last edited on 2 April 2024, at 05:24",,https://en.wikipedia.org/wiki/The_Suffragette_Handkerchief
" This page was last edited on 5 February 2023, at 03:40",,https://en.wikipedia.org/wiki/Battle_of_Bossenden_Wood
" This page was last edited on 25 February 2023, at 01:42",,https://en.wikipedia.org/wiki/New_Zealand_ten-dollar_note
" This page was last edited on 12 March 2024, at 04:40",,https://en.wikipedia.org/wiki/Susan_B._Anthony_dollar
" This page was last edited on 28 October 2023, at 06:28",,https://en.wikipedia.org/wiki/Days_of_May
" This page was last edited on 3 January 2021, at 00:27",,https://en.wikipedia.org/wiki/Allerton_Mauleverer_Priory
" This page was last edited on 7 September 2023, at 01:46",,https://en.wikipedia.org/wiki/2000_United_States_House_of_Representatives_elections_in_Colorado
" This page was last edited on 20 February 2024, at 20:27",,https://en.wikipedia.org/wiki/1960_United_States_House_of_Representatives_elections_in_Tennessee
" This page was last edited on 12 April 2024, at 17:19",,https://en.wikipedia.org/wiki/Hanley_Town_F.C.
" This page was last edited on 13 April 2024, at 13:12",,https://en.wikipedia.org/wiki/Christina_Jamieson
" This page was last edited on 7 May 2023, at 11:22",,https://en.wikipedia.org/wiki/Norton_United_F.C.
" This page was last edited on 11 June 2023, at 00:11",,https://en.wikipedia.org/wiki/Meir_K.A._F.C.
" This page was last edited on 20 March 2024, at 14:26",,https://en.wikipedia.org/wiki/1882_United_States_House_of_Representatives_election_in_Colorado
" This page was last edited on 6 April 2024, at 05:22",,https://en.wikipedia.org/wiki/Margaret_Irwin_(trade_unionist)
" This page was last edited on 25 March 2024, at 02:10",,https://en.wikipedia.org/wiki/1884_United_States_House_of_Representatives_election_in_Colorado
" This page was last edited on 7 September 2023, at 22:50",,https://en.wikipedia.org/wiki/Jessie_Keppie
" This page was last edited on 12 February 2024, at 05:28",,https://en.wikipedia.org/wiki/1958_United_States_House_of_Representatives_elections_in_Tennessee
" This page was last edited on 8 April 2024, at 16:35",,https://en.wikipedia.org/wiki/Cyril_Ramaphosa
" This page was last edited on 12 January 2024, at 16:01",,https://en.wikipedia.org/wiki/1878_United_States_House_of_Representatives_election_in_Colorado
" This page was last edited on 22 March 2024, at 22:49",,https://en.wikipedia.org/wiki/Elsie_Inglis
" This page was last edited on 22 April 2024, at 14:25",,https://en.wikipedia.org/wiki/Eastwood_Hanley_F.C.
" This page was last edited on 13 April 2024, at 19:16",,https://en.wikipedia.org/wiki/1956_United_States_House_of_Representatives_elections_in_Tennessee
" This page was last edited on 5 February 2024, at 07:42",,https://en.wikipedia.org/wiki/1880_United_States_House_of_Representatives_election_in_Colorado
" This page was last edited on 21 April 2024, at 20:19",,https://en.wikipedia.org/wiki/T._Coleman_Andrews
" This page was last edited on 8 February 2024, at 07:06",,https://en.wikipedia.org/wiki/Richard_Harding_Poff
" This page was last edited on 1 April 2024, at 11:22",,https://en.wikipedia.org/wiki/Daniel_Ellsberg
" This page was last edited on 20 April 2024, at 05:44",,https://en.wikipedia.org/wiki/Black_Lives_Matter_Global_Network_Foundation
" This page was last edited on 20 February 2024, at 02:39",,https://en.wikipedia.org/wiki/Montgomery_Morrison_Cothren
" This page was last edited on 6 March 2024, at 18:01",,https://en.wikipedia.org/wiki/Emerich_Roth
" This page was last edited on 20 February 2024, at 02:19",,https://en.wikipedia.org/wiki/Casper_Sanger
" This page was last edited on 13 April 2024, at 23:53",,https://en.wikipedia.org/wiki/H%C3%A9di_Fried
" This page was last edited on 22 October 2023, at 15:00",,https://en.wikipedia.org/wiki/Jackson_L._Kiser
" This page was last edited on 3 February 2024, at 10:13",,https://en.wikipedia.org/wiki/1952_United_States_House_of_Representatives_elections_in_Virginia
" This page was last edited on 13 April 2024, at 19:16",,https://en.wikipedia.org/wiki/1953_Virginia%27s_5th_congressional_district_special_election
" This page was last edited on 19 April 2024, at 06:04",,https://en.wikipedia.org/wiki/Thomas_N._Downing
" This page was last edited on 12 February 2024, at 05:28",,https://en.wikipedia.org/wiki/1958_United_States_House_of_Representatives_elections_in_Virginia
" This page was last edited on 20 May 2022, at 10:36",,https://en.wikipedia.org/wiki/Norman_Clapp
" This page was last edited on 26 February 2024, at 18:44",,https://en.wikipedia.org/wiki/James_Megellas
" This page was last edited on 27 November 2023, at 05:09",,https://en.wikipedia.org/wiki/1956_United_States_gubernatorial_elections
" This page was last edited on 16 January 2024, at 05:04",,https://en.wikipedia.org/wiki/Hugh_B._Mitchell
" This page was last edited on 25 March 2024, at 18:10",,https://en.wikipedia.org/wiki/Giusi_Nicolini
" This page was last edited on 16 April 2024, at 02:41",,https://en.wikipedia.org/wiki/1948_United_States_House_of_Representatives_elections_in_Virginia
" This page was last edited on 22 February 2024, at 21:00",,https://en.wikipedia.org/wiki/William_M._Tuck
lastUpdated,title,url
" This page was last edited on 9 March 2024, at 05:57",,https://en.wikipedia.org/wiki/Kevin_Bacon
" This page was last edited on 13 April 2024, at 16:26",,https://en.wikipedia.org/wiki/Michael_Bacon_(musician)
" This page was last edited on 12 June 2022, at 14:34",,https://en.wikipedia.org/wiki/Kevin_Bacon_(disambiguation)
" This page was last edited on 10 November 2023, at 20:01",,https://en.wikipedia.org/wiki/Leading_man
" This page was last edited on 7 March 2024, at 23:59",,https://en.wikipedia.org/wiki/Main_Page
" This page was last edited on 2 March 2024, at 17:43",,https://en.wikipedia.org/wiki/Kyra_Sedgwick
" This page was last edited on 18 April 2024, at 05:45",,https://en.wikipedia.org/wiki/Character_actor
" This page was last edited on 16 April 2024, at 10:22",,https://en.wikipedia.org/wiki/Kevin_Bacon_filmography
" This page was last edited on 7 April 2024, at 00:45",,https://en.wikipedia.org/wiki/Sosie_Bacon
" This page was last edited on 25 March 2024, at 08:53",,https://en.wikipedia.org/wiki/Edmund_Bacon_(architect)
" This page was last edited on 6 April 2024, at 21:02",,https://en.wikipedia.org/wiki/Golden_Globe_Award
" This page was last edited on 28 March 2024, at 04:59",,https://en.wikipedia.org/wiki/Screen_Actors_Guild_Award
" This page was last edited on 15 April 2024, at 01:38",,https://en.wikipedia.org/wiki/Russell_Crowe
" This page was last edited on 27 March 2024, at 20:48", (1984 film),https://en.wikipedia.org/wiki/Footloose_(1984_film)
" This page was last edited on 30 March 2024, at 17:33",,https://en.wikipedia.org/wiki/Primetime_Emmy_Award
" This page was last edited on 18 April 2024, at 12:13",,https://en.wikipedia.org/wiki/Philadelphia
" This page was last edited on 20 April 2024, at 05:54",Animal House,https://en.wikipedia.org/wiki/National_Lampoon%27s_Animal_House
" This page was last edited on 23 April 2024, at 11:56",,https://en.wikipedia.org/wiki/Bernie_Madoff
" This page was last edited on 16 April 2024, at 00:39",,https://en.wikipedia.org/wiki/Jack_Lemmon
" This page was last edited on 16 April 2024, at 22:20",,https://en.wikipedia.org/wiki/Brian_Dennehy
" This page was last edited on 12 August 2023, at 01:10", (film),"https://en.wikipedia.org/wiki/He_Said,_She_Said_(film)"
lastUpdated,title,url
" This page was last edited on 9 March 2024, at 05:57",,https://en.wikipedia.org/wiki/Kevin_Bacon
" This page was last edited on 13 April 2024, at 16:26",,https://en.wikipedia.org/wiki/Michael_Bacon_(musician)
" This page was last edited on 10 November 2023, at 20:01",,https://en.wikipedia.org/wiki/Leading_man
" This page was last edited on 12 June 2022, at 14:34",,https://en.wikipedia.org/wiki/Kevin_Bacon_(disambiguation)
" This page was last edited on 16 April 2024, at 10:22",,https://en.wikipedia.org/wiki/Kevin_Bacon_filmography
" This page was last edited on 7 April 2024, at 00:45",,https://en.wikipedia.org/wiki/Sosie_Bacon
" This page was last edited on 7 March 2024, at 23:59",,https://en.wikipedia.org/wiki/Main_Page
" This page was last edited on 25 March 2024, at 08:53",,https://en.wikipedia.org/wiki/Edmund_Bacon_(architect)
" This page was last edited on 2 March 2024, at 17:43",,https://en.wikipedia.org/wiki/Kyra_Sedgwick
" This page was last edited on 21 April 2024, at 22:59",,https://en.wikipedia.org/wiki/Paul_Verhoeven
" This page was last edited on 18 April 2024, at 05:45",,https://en.wikipedia.org/wiki/Character_actor
" This page was last edited on 27 March 2024, at 20:48", (1984 film),https://en.wikipedia.org/wiki/Footloose_(1984_film)
" This page was last edited on 28 March 2024, at 04:59",,https://en.wikipedia.org/wiki/Screen_Actors_Guild_Award
" This page was last edited on 20 April 2024, at 05:54",Animal House,https://en.wikipedia.org/wiki/National_Lampoon%27s_Animal_House
" This page was last edited on 30 March 2024, at 17:33",,https://en.wikipedia.org/wiki/Primetime_Emmy_Award
" This page was last edited on 18 April 2024, at 12:13",,https://en.wikipedia.org/wiki/Philadelphia
" This page was last edited on 6 April 2024, at 21:02",,https://en.wikipedia.org/wiki/Golden_Globe_Award
" This page was last edited on 17 April 2024, at 12:07",,https://en.wikipedia.org/wiki/Sam_Elliott
lastUpdated,title,url
" This page was last edited on 9 March 2024, at 05:57",,https://en.wikipedia.org/wiki/Kevin_Bacon
" This page was last edited on 13 April 2024, at 16:26",,https://en.wikipedia.org/wiki/Michael_Bacon_(musician)
" This page was last edited on 12 June 2022, at 14:34",,https://en.wikipedia.org/wiki/Kevin_Bacon_(disambiguation)
" This page was last edited on 7 March 2024, at 23:59",,https://en.wikipedia.org/wiki/Main_Page
" This page was last edited on 16 April 2024, at 10:22",,https://en.wikipedia.org/wiki/Kevin_Bacon_filmography
" This page was last edited on 10 November 2023, at 20:01",,https://en.wikipedia.org/wiki/Leading_man
" This page was last edited on 2 March 2024, at 17:43",,https://en.wikipedia.org/wiki/Kyra_Sedgwick
" This page was last edited on 7 April 2024, at 00:45",,https://en.wikipedia.org/wiki/Sosie_Bacon
" This page was last edited on 18 April 2024, at 05:45",,https://en.wikipedia.org/wiki/Character_actor
" This page was last edited on 25 March 2024, at 08:53",,https://en.wikipedia.org/wiki/Edmund_Bacon_(architect)
" This page was last edited on 28 March 2024, at 04:59",,https://en.wikipedia.org/wiki/Screen_Actors_Guild_Award
" This page was last edited on 20 April 2024, at 05:54",Animal House,https://en.wikipedia.org/wiki/National_Lampoon%27s_Animal_House
" This page was last edited on 27 March 2024, at 20:48", (1984 film),https://en.wikipedia.org/wiki/Footloose_(1984_film)
" This page was last edited on 30 March 2024, at 17:33",,https://en.wikipedia.org/wiki/Primetime_Emmy_Award
" This page was last edited on 6 April 2024, at 21:02",,https://en.wikipedia.org/wiki/Golden_Globe_Award
" This page was last edited on 5 November 2023, at 21:19",,https://en.wikipedia.org/wiki/CableACE_Award
" This page was last edited on 17 April 2024, at 12:07",,https://en.wikipedia.org/wiki/Sam_Elliott
" This page was last edited on 18 April 2024, at 12:13",,https://en.wikipedia.org/wiki/Philadelphia
" This page was last edited on 19 April 2024, at 04:14",,https://en.wikipedia.org/wiki/Sam_Rockwell
" This page was last edited on 5 April 2024, at 19:32",,https://en.wikipedia.org/wiki/Alexander_Skarsg%C3%A5rd
" This page was last edited on 21 April 2024, at 11:38",,https://en.wikipedia.org/wiki/Kevin_Kline
" This page was last edited on 6 April 2024, at 15:42",,https://en.wikipedia.org/wiki/Kevin_Costner
" This page was last edited on 13 April 2024, at 21:04",,https://en.wikipedia.org/wiki/Geoffrey_Rush
